가맹점코드,가맹점명,가맹주성함,가맹주번호,사업자번호,정보
63110200001,마산시어시장상인회,박은예,010-2853-9303,813-06-17357,1등록이 되어 있지 않습니다. 
61610200305,노점,정수시,010-7538-5487,246-74-65687,2등록이 되어 있습니다.
15010300205,세원상사,윤준수,010-5073-2946,036-95-36723,3등록이 되어 있습니다.
50210500271,농업회사법인주식회사,김서도,010-7123-7906,286-22-11482,4등록이 되어 있습니다.
61610200305,노점,정시진,010-5435-2841,128-61-31980,5등록이 되어 있지 않습니다. 
40210200064,청미포크,홍준예,010-0042-7946,984-37-80470,6등록이 되어 있습니다.
50210500271,농업회사법인주식회사,권우민,010-6827-3670,436-22-64953,7등록이 되어 있습니다.
60010700001,보수종합시장,신은지,010-5605-7157,017-48-65183,8등록이 되어 있습니다.
15210200001,구로시장상인회,임진도,010-4669-2891,607-74-39149,9등록이 되어 있습니다.
50210400131,산해수산,서희하,010-6519-0162,624-43-57095,10등록이 되어 있습니다.
60010700001,보수종합시장,강수예,010-9362-6306,830-68-52072,11등록이 되어 있습니다.
50210400131,산해수산,강예시,010-1983-4478,771-84-70964,12등록이 되어 있습니다.
53010700087,동부축산,홍태준,010-7308-9803,725-05-36495,13등록이 되어 있지 않습니다. 
73010500045,마산에프에스,김지은,010-5063-6206,245-24-86010,14등록이 되어 있습니다.
70211800021,달성상사,송나건,010-0853-0688,534-35-94891,15등록이 되어 있지 않습니다. 
57010100024,홍진의류,김은우,010-9969-9746,388-23-72089,16등록이 되어 있습니다.
70010800403,노점,조시도,010-9305-9891,862-96-61475,17등록이 되어 있습니다.
61710100138,초원상회,박준수,010-0573-3812,706-53-57673,18등록이 되어 있습니다.
68111000001,울산학성새벽시장상인,임지은,010-4872-7752,513-30-30349,19등록이 되어 있지 않습니다. 
15611100011,개미수산,임윤유,010-3729-9325,681-09-39159,20등록이 되어 있습니다.
64110800064,(주)한마음여행사,최건우,010-6675-7018,405-78-31654,21등록이 되어 있습니다.
15210200001,구로시장상인회,윤태도,010-6443-7943,454-70-76595,22등록이 되어 있습니다.
42210500277,하늘축산물도매센타,최건수,010-4071-3748,981-23-68423,23등록이 되어 있지 않습니다. 
53010700087,동부축산,한지은,010-3015-6842,896-37-97525,24등록이 되어 있습니다.
6035200002,제일상회,이태나,010-5427-2597,684-48-55769,25등록이 되어 있습니다.
60410500023,신평빅할인마트,강지유,010-4090-6155,335-06-19239,26등록이 되어 있습니다.
60410300023,창해수산,한준태,010-2428-4188,391-93-21106,27등록이 되어 있습니다.
70210500111,형제유통,정지진,010-5515-3461,869-56-94487,28등록이 되어 있습니다.
30610400116,주식회사우성농산,정나우,010-9531-7733,256-60-26054,29등록이 되어 있습니다.
53010600104,서라벌상회,박현라,010-0623-0088,173-10-25904,30등록이 되어 있습니다.
70211800011,공주상회,한우수,010-7601-6588,855-69-89687,31등록이 되어 있지 않습니다. 
50210500271,농업회사법인주식회사,강유지,010-9863-1685,487-81-84327,32등록이 되어 있습니다.
2284200009,태경축산,권은우,010-0145-7443,336-15-66997,33등록이 되어 있습니다.
42210500277,하늘축산물도매센타,임우라,010-7734-7288,865-11-68541,34등록이 되어 있습니다.
6035200002,제일상회,서서윤,010-6444-2448,813-02-48730,35등록이 되어 있지 않습니다. 
60010100124,한미상회,정나민,010-2394-2455,933-62-35749,36등록이 되어 있습니다.
10010500212,잔피엘,윤지라,010-5022-7645,409-83-10854,37등록이 되어 있습니다.
60010100124,한미상회,박민도,010-8174-9905,381-81-82744,38등록이 되어 있습니다.
68111000177,울산대파,김서예,010-0355-9647,938-92-13775,39등록이 되어 있지 않습니다. 
13310500457,수영미트,윤하서,010-6396-4488,047-17-59156,40등록이 되어 있습니다.
15011800217,과일향기,이은시,010-4533-8421,792-98-31684,41등록이 되어 있습니다.
40510300001,구월도매전통시장,신도시,010-9248-1227,347-07-60213,42등록이 되어 있습니다.
50210400082,양동수산전통시장상인,김나건,010-0300-9133,587-17-23096,43등록이 되어 있지 않습니다. 
70211800004,미래농산,박유희,010-5289-0863,122-99-35448,44등록이 되어 있습니다.
50210500271,농업회사법인주식회사,최민희,010-5312-3399,302-00-49546,45등록이 되어 있습니다.
3212200010,까사미아아울렛서대구,정유서,010-0826-9068,453-23-77209,46등록이 되어 있습니다.
70211700124,대풍농산,윤태서,010-7512-5324,655-35-07765,47등록이 되어 있습니다.
79010100003,SP플러스마트,이진윤,010-7359-7084,835-51-66836,48등록이 되어 있습니다.
70010800403,노점,김태라,010-9278-1338,617-22-06156,49등록이 되어 있습니다.
70010800403,노점,홍나진,010-8318-4330,072-72-23154,50등록이 되어 있습니다.
63112000096,둘둘수산,한진은,010-2282-1661,152-31-79823,51등록이 되어 있습니다.
14091200007,섬섬농수산,윤나나,010-0705-1087,257-44-47808,52등록이 되어 있습니다.
61710100277,승주농산,한태민,010-1816-5856,349-60-81998,53등록이 되어 있지 않습니다. 
40310300027,대성상회,이나희,010-2359-8796,056-26-13968,54등록이 되어 있습니다.
61710100057,우정유통,조민라,010-0383-5372,334-24-40377,55등록이 되어 있습니다.
57311100001,군산신영시장,윤태은,010-1402-5221,739-62-80389,56등록이 되어 있습니다.
54010200155,남우수산,서우나,010-7909-2230,200-54-27748,57등록이 되어 있습니다.
61410900384,우성청과,송도서,010-3246-8053,710-66-28587,58등록이 되어 있습니다.
61410900384,우성청과,김건준,010-5086-0104,458-31-47941,59등록이 되어 있지 않습니다. 
50210300724,우정식육점,송나윤,010-6718-4014,611-50-38441,60등록이 되어 있습니다.
3212200010,까사미아아울렛서대구,권예태,010-5721-9691,756-75-30095,61등록이 되어 있습니다.
42210500277,하늘축산물도매센타,송건도,010-1636-7612,133-72-19185,62등록이 되어 있습니다.
42210500277,하늘축산물도매센타,송태도,010-6988-6981,916-12-40346,63등록이 되어 있습니다.
6035200002,제일상회,홍현수,010-0900-4554,609-32-34388,64등록이 되어 있지 않습니다. 
68111000177,울산대파,이수윤,010-4554-2435,821-19-67615,65등록이 되어 있습니다.
57010100001,북부시장상인회,한희윤,010-8138-5090,348-96-82889,66등록이 되어 있습니다.
13010400388,무주상회,윤태준,010-4233-7710,646-89-63457,67등록이 되어 있습니다.
21010100386,영진당,최진우,010-6881-3506,887-97-82096,68등록이 되어 있습니다.
70011200206,왕보뻥튀기,한희시,010-7054-8786,198-56-44805,69등록이 되어 있습니다.
79110400720,장은종합수산,임유민,010-4743-7500,371-82-45002,70등록이 되어 있습니다.
61410900384,우성청과,신준예,010-2317-0893,635-91-36961,71등록이 되어 있습니다.
70211700124,대풍농산,정민시,010-6164-3735,803-59-03096,72등록이 되어 있습니다.
61710100057,우정유통,권도준,010-3070-2683,443-53-29486,73등록이 되어 있습니다.
74010300039,니코보코김천대리점,조준현,010-8173-7479,802-46-81250,74등록이 되어 있습니다.
63112000096,둘둘수산,박윤윤,010-0122-0155,737-09-22403,75등록이 되어 있습니다.
61712300065,금오의류,홍현준,010-4509-2462,688-25-11413,76등록이 되어 있지 않습니다. 
40310300001,부평깡시장 상인회,강우민,010-2483-7270,895-13-67603,77등록이 되어 있습니다.
15010800002,동부상사,이도유,010-6093-5584,636-87-79049,78등록이 되어 있습니다.
66410100075,8번상회,조수준,010-1845-0761,701-17-71304,79등록이 되어 있습니다.
68111000001,울산학성새벽시장상인,임수태,010-3363-1516,439-79-51709,80등록이 되어 있습니다.
70213001646,의성상회,홍준하,010-4173-3986,851-38-54714,81등록이 되어 있습니다.
70010800002,서문시장1지구상인회,이민현,010-8958-5185,657-19-62659,82등록이 되어 있지 않습니다. 
67810200118,합천건어물,조나도,010-8375-3150,399-25-01543,83등록이 되어 있습니다.
14111200002,장흥상회,임민나,010-1859-2319,494-87-54218,84등록이 되어 있습니다.
15210200001,구로시장상인회,신예예,010-2146-8896,748-69-14081,85등록이 되어 있습니다.
70110100568,수선하는옥례씨,조민예,010-7040-5954,226-74-21243,86등록이 되어 있습니다.
54010200269,용궁수산,신하유,010-2172-5983,844-99-47184,87등록이 되어 있습니다.
61410900133,표씨상회,신윤준,010-3208-0510,699-37-90763,88등록이 되어 있습니다.
13310500534,(주)승일푸드유통,한태수,010-2022-9787,141-68-70495,89등록이 되어 있습니다.
15010300205,세원상사,정시현,010-4712-1554,866-20-99189,90등록이 되어 있지 않습니다. 
63112000096,둘둘수산,정시예,010-9162-6924,551-99-94801,91등록이 되어 있습니다.
61710100057,우정유통,조준태,010-7352-2674,194-17-05294,92등록이 되어 있습니다.
70210600001,대구능금시장상인회,윤수민,010-6639-1035,829-57-72146,93등록이 되어 있습니다.
61410600001,골드테마거리상인회,윤건건,010-4642-1392,410-48-88557,94등록이 되어 있습니다.
67810200118,합천건어물,김건현,010-1684-4826,650-91-73990,95등록이 되어 있습니다.
61410800689,곡식할매,강민현,010-1464-4437,000-32-61143,96등록이 되어 있습니다.
64110800064,(주)한마음여행사,윤서건,010-6665-5110,656-69-71852,97등록이 되어 있지 않습니다. 
10010500212,잔피엘,신은나,010-3177-7140,233-83-69297,98등록이 되어 있습니다.
1485200068,대광상회,권희건,010-6915-6821,752-56-02508,99등록이 되어 있습니다.
70210100653,㈜용궁냉동,이태윤,010-1389-2621,023-42-90564,100등록이 되어 있습니다.
61710200001,르네시떼,정예하,010-0444-9098,517-17-95673,101등록이 되어 있습니다.
63112000096,둘둘수산,홍라지,010-4840-0552,991-96-57167,102등록이 되어 있습니다.
15011800201,광주상회,최우수,010-2439-3367,121-06-32663,103등록이 되어 있습니다.
70211800021,달성상사,박라시,010-3505-2568,362-95-08518,104등록이 되어 있습니다.
1229200002,엘레버드,한하지,010-3777-0160,984-58-72420,105등록이 되어 있지 않습니다. 
63112000096,둘둘수산,김지건,010-3897-4767,491-08-60620,106등록이 되어 있습니다.
1122200022,(주)샘물미트,권유라,010-3919-2924,926-66-27667,107등록이 되어 있습니다.
15010800002,동부상사,윤건은,010-0178-1435,372-89-60986,108등록이 되어 있습니다.
46210700047,인혜슈퍼,서희도,010-7885-9472,839-07-17809,109등록이 되어 있습니다.
70611300002,(주)선영,송유희,010-0880-3185,389-40-79353,110등록이 되어 있습니다.
61710100023,계성상회,송서도,010-5590-9207,318-81-93943,111등록이 되어 있습니다.
54010200155,남우수산,송현건,010-7266-2206,095-42-08305,112등록이 되어 있습니다.
70210700001,칠성시장상인회,조유예,010-1620-9249,427-53-95702,113등록이 되어 있지 않습니다. 
70210101017,대풍상회,이현태,010-3900-3945,746-14-70021,114등록이 되어 있습니다.
70211700124,대풍농산,홍준지,010-3650-9227,935-94-41289,115등록이 되어 있습니다.
60010100124,한미상회,정태윤,010-7693-7115,126-21-48768,116등록이 되어 있습니다.
60010100124,한미상회,윤예라,010-9733-5883,123-23-32786,117등록이 되어 있습니다.
13310500534,(주)승일푸드유통,임윤현,010-3271-1839,250-84-40004,118등록이 되어 있습니다.
60211100045,신용상회,서건유,010-2392-3604,893-57-57762,119등록이 되어 있지 않습니다. 
60211100008,제이에스수산,권시진,010-9700-1620,023-44-05173,120등록이 되어 있습니다.
54010400002,오뚜기청과,임희준,010-1168-3098,674-02-98390,121등록이 되어 있습니다.
74210700043,올품상주대리점,권희유,010-0964-7406,133-69-10399,122등록이 되어 있습니다.
70510800006,봉덕신시장상인회,조도수,010-9412-8820,898-35-14334,123등록이 되어 있습니다.
70510800006,봉덕신시장상인회,윤라희,010-8140-8087,722-31-26369,124등록이 되어 있습니다.
64110700387,상남식자재,최윤준,010-6183-7290,134-62-18810,125등록이 되어 있습니다.
2102200030,이일유통,한희하,010-6344-1109,716-49-09193,126등록이 되어 있습니다.
2182200006,깡통정육점,한희윤,010-9597-6988,741-10-07426,127등록이 되어 있지 않습니다. 
61410200102,제일신발,윤라진,010-2974-6313,355-40-99692,128등록이 되어 있습니다.
40310300001,부평깡시장 상인회,임태나,010-1936-7846,751-60-32692,129등록이 되어 있습니다.
2181200002,씨유 자갈치점,박라우,010-4883-7054,618-56-78195,130등록이 되어 있습니다.
70510800006,봉덕신시장상인회,정하희,010-2390-3407,400-10-97819,131등록이 되어 있습니다.
61410900256,삼흥상회,이나도,010-9219-0138,065-99-93187,132등록이 되어 있습니다.
78010400059,철자상회,송하지,010-1828-8813,029-27-23275,133등록이 되어 있습니다.
30010700297,미래수산,임우도,010-2213-5206,492-29-16843,134등록이 되어 있습니다.
70210700956,매일수산,강윤지,010-5657-3936,880-38-05571,135등록이 되어 있습니다.
70610300205,오성유통,윤수라,010-0248-4762,085-06-78154,136등록이 되어 있지 않습니다. 
56010400001,전주중앙상가시장상인,김수예,010-1696-9298,030-77-26429,137등록이 되어 있습니다.
70510800006,봉덕신시장상인회,박도진,010-8194-4338,887-61-82526,138등록이 되어 있습니다.
64113100037,쌀맛나는세상,서나시,010-8681-8073,095-96-20802,139등록이 되어 있습니다.
61310200001,남천해변시장,박하현,010-6717-4409,709-75-74747,140등록이 되어 있습니다.
64113100037,쌀맛나는세상,홍윤현,010-9289-3326,294-42-95079,141등록이 되어 있습니다.
74510600072,점촌농협공판장22,강라유,010-0587-4919,149-54-87707,142등록이 되어 있습니다.
60010200034,왕대수산,홍희희,010-6304-8016,894-01-53572,143등록이 되어 있습니다.
70212600001,칠성전자주방시장상인,김우윤,010-2124-0134,814-02-38866,144등록이 되어 있지 않습니다. 
60211200010,성해수산,홍시우,010-5124-0666,654-60-82484,145등록이 되어 있습니다.
40510300001,구월도매전통시장,서윤태,010-3541-6377,712-16-29868,146등록이 되어 있습니다.
64113100037,쌀맛나는세상,서지하,010-0517-3033,397-43-16487,147등록이 되어 있습니다.
3074200057,노점,홍건도,010-9311-4917,739-53-59202,148등록이 되어 있습니다.
68110200065,선우시장상인회,정건진,010-5877-5651,679-37-03410,149등록이 되어 있습니다.
70010100001,패션주얼리특구상인회,김유지,010-7883-6806,845-17-84607,150등록이 되어 있습니다.
38010100188,무학시장상인회,박희윤,010-5029-6341,133-49-16805,151등록이 되어 있지 않습니다. 
60610100001,영도봉래시장,이태나,010-2880-9382,452-64-07649,152등록이 되어 있습니다.
73011100063,고령상회,윤은준,010-6415-6118,878-58-79744,153등록이 되어 있습니다.
60410300061,대교수산,신준하,010-0269-3912,722-32-78984,154등록이 되어 있습니다.
4050200039,대성수산,강준태,010-0296-0637,852-49-66799,155등록이 되어 있습니다.
61411200072,김해상회,윤은태,010-4081-7201,663-19-55369,156등록이 되어 있습니다.
14034200016,홍도어물,권라유,010-9120-2794,864-43-99585,157등록이 되어 있지 않습니다. 
78010300336,행복유통,김나현,010-0021-2554,627-06-06397,158등록이 되어 있습니다.
61610100104,동성푸드,송서하,010-9317-2169,936-57-63367,159등록이 되어 있습니다.
6004200023,농업회사법인 (주),최라윤,010-6897-9668,505-81-25987,160등록이 되어 있습니다.
2280200089,맑은나라,권하준,010-0617-4599,512-40-82384,161등록이 되어 있습니다.
61410900115,오군상회,정우라,010-8020-8532,912-59-75283,162등록이 되어 있습니다.
60010200076,동성수산,신지하,010-2481-1327,108-78-23940,163등록이 되어 있습니다.
70310100121,서문시장2지구,서은유,010-5968-5622,541-20-91343,164등록이 되어 있습니다.
40010411784,골든벨,이건예,010-5052-6093,082-64-52308,165등록이 되어 있습니다.
12061200084,베이비베네피아천안점,이유서,010-1507-9810,081-55-40585,166등록이 되어 있습니다.
2298200009,현대홈인테리어,윤지서,010-8918-6122,005-45-56486,167등록이 되어 있습니다.
2298200009,현대홈인테리어,임건태,010-6940-3832,830-11-90436,168등록이 되어 있습니다.
70210700001,칠성시장상인회,이민태,010-4569-6033,884-70-28975,169등록이 되어 있습니다.
70210100650,노점,김은현,010-1889-5296,494-30-14297,등록이 되어 있습니다.
70210100106,노점(용평상회),강우은,010-6821-5931,934-66-33311,등록이 되어 있습니다.
31210300068,금산수삼센터,윤민현,010-2219-6058,631-75-33147,등록이 되어 있습니다.
70210100779,새영남건어물,서준시,010-0063-5575,585-03-66186,등록이 되어 있습니다.
2069200005,해조원,윤서태,010-1375-5468,322-98-27635,등록이 되어 있습니다.
2069200005,해조원,임예지,010-8209-0383,304-19-94648,등록이 되어 있습니다.
13011400056,효성탕제원,신예도,010-2173-4918,061-78-78770,등록이 되어 있습니다.
63110200001,마산시어시장상인회,김현수,010-9664-6224,094-15-95255,등록이 되어 있습니다.
50210400187,흥선유통,정예유,010-6218-2301,967-60-56392,등록이 되어 있습니다.
61410800689,곡식할매,김민나,010-6847-0014,563-36-41708,등록이 되어 있지 않습니다. 
63110200677,대성활어,최현나,010-1902-7014,017-84-05827,등록이 되어 있습니다.
68111800001,반구시장상인회,강유진,010-1142-6852,599-25-87012,등록이 되어 있습니다.
63110200677,대성활어,서하시,010-5071-9292,531-09-15253,등록이 되어 있습니다.
13310500313,문경한우,홍도윤,010-7619-6380,535-00-65980,등록이 되어 있습니다.
53010700087,동부축산,강나나,010-9839-5659,281-77-69768,등록이 되어 있습니다.
79110800010,동빈수산,강민민,010-3014-7382,021-12-77256,등록이 되어 있습니다.
13011800069,함안상회,정라태,010-1487-6854,593-12-10438,등록이 되어 있습니다.
44710100001,오산오색시장상인회,이예하,010-6201-2635,650-51-39099,등록이 되어 있습니다.
2190200025,어패류 1-177호,강나유,010-9878-6748,993-01-58352,등록이 되어 있습니다.
2190200025,어패류 1-177호,송도진,010-4514-9207,164-59-64238,등록이 되어 있습니다.
60410300023,창해수산,임라서,010-6358-0743,430-60-36291,등록이 되어 있습니다.
54010200058,보수청과,정나예,010-7989-1771,473-37-31997,등록이 되어 있습니다.
70210700001,칠성시장상인회,정우태,010-1773-4055,610-75-03564,등록이 되어 있습니다.
70510800006,봉덕신시장상인회,윤유하,010-3618-9678,270-06-75928,등록이 되어 있습니다.
13011700370,진흥상회,서은태,010-7560-4387,795-49-12356,등록이 되어 있습니다.
61710100109,대성마늘,한나유,010-9218-5020,135-09-68738,등록이 되어 있습니다.
32010200283,왕대수산,정민수,010-2229-5749,481-31-83548,등록이 되어 있습니다.
10010500001,평화시장상인연합회,조윤민,010-0265-7753,202-57-35865,등록이 되어 있습니다.
79111300005,점포명없음,신희예,010-7556-8450,184-30-49441,등록이 되어 있습니다.
50210400082,양동수산전통시장상인,권나민,010-3828-5725,224-53-01279,등록이 되어 있지 않습니다. 
13310500173,(주)유원미트코리아,홍예수,010-7024-6491,711-00-53178,등록이 되어 있지 않습니다. 
79110201504,대운상회,서시나,010-9153-8827,398-70-19199,등록이 되어 있지 않습니다. 
70211800021,달성상사,홍유희,010-6526-1864,292-27-53521,등록이 되어 있지 않습니다. 
33010500103,우성식품,임도건,010-5779-6307,607-09-60005,등록이 되어 있습니다.
10010200282,첼루빠빠,윤도유,010-4087-5139,176-93-87781,등록이 되어 있습니다.
70010700144,성도이불,강서유,010-1835-9498,479-53-01010,등록이 되어 있습니다.
70210500111,형제유통,정윤진,010-3214-4538,642-31-59767,등록이 되어 있습니다.
38010100188,무학시장상인회,서진서,010-6610-0287,550-25-54267,등록이 되어 있습니다.
6014200002,주식회사 대한농산,강지희,010-6299-4068,081-48-33904,등록이 되어 있습니다.
3074200012,노점,홍진시,010-9613-2820,851-21-29496,등록이 되어 있습니다.
60210700131,여경수산,송나라,010-6898-2689,270-79-85656,등록이 되어 있습니다.
56010200001,풍남문상점가상인회,한서나,010-4683-6219,277-59-24842,등록이 되어 있습니다.
43010200001,안양남부시장상인회,한도수,010-2958-0516,919-77-23530,등록이 되어 있습니다.
59010100001,남원공설시장상인회,윤예건,010-0490-1475,500-35-95353,등록이 되어 있습니다.
30610400056,선미식품,권진건,010-3805-2577,634-67-96823,등록이 되어 있습니다.
16098200048,명성축산,임준하,010-8307-6978,282-37-74701,등록이 되어 있지 않습니다. 
46311000018,경기곡물,신희우,010-0403-5283,441-32-41823,등록이 되어 있습니다.
1122200022,(주)샘물미트,정지예,010-9467-2252,294-37-34964,등록이 되어 있습니다.
13310500535,마장축산물시장상인회,강진태,010-2230-7575,922-89-85868,등록이 되어 있습니다.
60010200056,잠수기12번,조민시,010-5718-8890,105-18-37972,등록이 되어 있습니다.
30110100219,동우닭집,정예현,010-9506-2399,124-18-20343,등록이 되어 있습니다.
70510800006,봉덕신시장상인회,이도준,010-1044-4136,869-44-13937,등록이 되어 있지 않습니다. 
78010400059,철자상회,송라수,010-9104-1295,360-99-89972,등록이 되어 있습니다.
60410300039,광진수산,강시태,010-8856-1237,279-98-27453,등록이 되어 있습니다.
13011300086,푸른농산,이수태,010-1109-4559,997-90-17876,등록이 되어 있습니다.
70610300205,오성유통,정희수,010-3910-8657,497-15-29766,등록이 되어 있습니다.
2181200002,씨유 자갈치점,홍나우,010-8759-2935,274-72-29129,등록이 되어 있습니다.
60210100001,충무동새벽시장,김윤민,010-6168-9998,784-14-70367,등록이 되어 있습니다.
61410800682,(주)대산씨푸드부전,한은태,010-0571-0331,618-72-14397,등록이 되어 있습니다.
60910200033,동림떡집,임희하,010-6143-9999,496-48-65224,등록이 되어 있지 않습니다. 
26910400072,민통선고기마을,신건민,010-7412-8337,271-10-49678,등록이 되어 있습니다.
70211700036,금오상회,조서태,010-9054-8794,775-08-98723,등록이 되어 있습니다.
13011700033,공주상회,정시건,010-4880-6519,681-38-23878,등록이 되어 있습니다.
14034200016,홍도어물,권시서,010-8280-7036,647-89-67581,등록이 되어 있습니다.
50110300232,이천상사,서민준,010-0736-5394,076-46-62121,등록이 되어 있습니다.
70610300205,오성유통,최은우,010-7162-8334,445-81-36748,등록이 되어 있지 않습니다. 
61411200072,김해상회,박진예,010-1088-5713,487-86-31890,등록이 되어 있습니다.
61111700002,세영식품,서도하,010-3837-1574,459-15-09269,등록이 되어 있습니다.
70210300001,대구청과시장상인회,박현진,010-0850-6210,986-03-01519,등록이 되어 있습니다.
38010800013,하나청과,윤하수,010-2048-6107,745-14-20462,등록이 되어 있습니다.
22010500098,에꼴리에,정지우,010-8907-4602,098-67-54666,등록이 되어 있습니다.
68010500001,야음상가시장상인회,정유우,010-8259-8750,823-57-11614,등록이 되어 있습니다.
60211200010,성해수산,신현민,010-3657-9572,012-68-35021,등록이 되어 있습니다.
68111000001,울산학성새벽시장상인,윤은하,010-3682-7700,463-71-99620,등록이 되어 있습니다.
50210300616,부안닭집,김지하,010-5634-8792,437-88-57072,등록이 되어 있지 않습니다. 
30610400057,(주)유광,송준윤,010-2661-9094,128-76-86254,등록이 되어 있습니다.
50210300616,부안닭집,윤준도,010-5558-6661,385-92-69544,등록이 되어 있습니다.
61610100056,대성식품,한준은,010-0491-4881,309-08-48396,등록이 되어 있습니다.
16103200016,한농유통,이민서,010-0832-5489,684-82-42560,등록이 되어 있습니다.
70210500008,황보문구,권서건,010-2920-4090,988-49-60515,등록이 되어 있습니다.
61310200001,남천해변시장,송나수,010-8179-6979,006-54-04533,등록이 되어 있습니다.
10010100860,우리농수산물유통센터,김현태,010-6079-3205,216-30-93027,등록이 되어 있습니다.
16103200016,한농유통,서현건,010-8764-8027,864-81-57833,등록이 되어 있습니다.
50210300067,양지식품,권건서,010-5970-3402,962-12-20931,등록이 되어 있습니다.
46211100051,신강원청과 주식회사,이윤서,010-4154-8178,368-87-85929,등록이 되어 있습니다.
57910100001,부안상설시장상인회,홍은유,010-7900-7570,878-39-24933,등록이 되어 있습니다.
69010400001,서문공설시장상인회,박라우,010-7969-1729,387-77-95138,등록이 되어 있습니다.
10010400053,태영수산,윤하수,010-3012-5045,730-03-39649,등록이 되어 있습니다.
61710100338,노점(곽계순),한윤건,010-3011-9045,895-58-71368,등록이 되어 있습니다.
5041200011,서부직매장,조수도,010-8766-8256,244-36-83371,등록이 되어 있습니다.
13310500252,주식회사대성한우,신수우,010-6274-4066,302-84-34666,등록이 되어 있습니다.
60010700001,보수종합시장,송시준,010-3746-1796,046-37-61340,등록이 되어 있습니다.
13310500252,주식회사대성한우,송하민,010-6715-1942,376-51-10414,등록이 되어 있습니다.
57910100001,부안상설시장상인회,최준진,010-6530-5685,600-43-52938,등록이 되어 있습니다.
50110300311,더드림농수산,홍시희,010-0429-9211,144-27-89870,등록이 되어 있습니다.
15010300219,신대흥상회,김수예,010-2523-7780,458-49-21857,등록이 되어 있습니다.
75010900004,여러분식육유통,이시나,010-5072-4264,694-58-24346,등록이 되어 있습니다.
73011100068,왜관청과,임윤시,010-4323-2812,018-97-57649,등록이 되어 있습니다.
12061200084,베이비베네피아천안점,서하태,010-6472-6263,324-01-11314,등록이 되어 있습니다.
61410800458,제일식육점,서현서,010-2069-5062,173-18-08355,등록이 되어 있습니다.
1296200004,명진후르츠,김유민,010-0510-9564,194-44-96441,등록이 되어 있습니다.
60010200115,잠수기중매1번,신준예,010-9531-2612,950-49-99563,등록이 되어 있습니다.
68111000001,울산학성새벽시장상인,임희지,010-3526-9462,653-71-36013,등록이 되어 있습니다.
61411300488,대흥인삼,이유진,010-7458-0751,913-54-28844,등록이 되어 있습니다.
13011800034,강오상회,권우지,010-5237-9169,849-97-49214,등록이 되어 있지 않습니다. 
70212010000,주식회사태현유통산격,최서희,010-2262-3819,217-06-09089,등록이 되어 있습니다.
31210300068,금산수삼센터,김수준,010-9733-4997,301-57-72243,등록이 되어 있습니다.
2069200005,해조원,최진은,010-4573-9516,088-96-29329,등록이 되어 있습니다.
50210200001,양동복개상가상인회,권건유,010-3417-3981,617-40-63468,등록이 되어 있습니다.
40210200064,청미포크,조하수,010-5228-3246,655-65-54267,등록이 되어 있습니다.
53010800027,학산상회,한예서,010-2085-3131,757-92-49198,등록이 되어 있습니다.
32010200283,왕대수산,송라희,010-2352-1979,175-16-88182,등록이 되어 있습니다.
68110200065,선우시장상인회,신태민,010-7860-1256,192-98-18283,등록이 되어 있습니다.
61610100072,청백식품,한태희,010-7906-6811,587-93-25345,등록이 되어 있습니다.
13310500535,마장축산물시장상인회,홍태희,010-9667-9711,065-85-42719,등록이 되어 있습니다.
78010300018,만물수산,임지진,010-8595-1852,116-21-33723,등록이 되어 있습니다.
6035200002,제일상회,신하하,010-7258-8035,112-98-39854,등록이 되어 있습니다.
79110800010,동빈수산,정도현,010-0956-6259,874-28-13283,등록이 되어 있습니다.
2071200002,수비니,서건민,010-5030-3653,038-95-60487,등록이 되어 있습니다.
54010200058,보수청과,한윤예,010-5655-2590,744-74-97281,등록이 되어 있습니다.
79110300077,참푸른닭오리,홍서건,010-4884-6325,241-80-35429,등록이 되어 있습니다.
79110300077,참푸른닭오리,권희하,010-4065-5321,084-63-11111,등록이 되어 있습니다.
61410900311,인순상회,서민민,010-5418-8258,123-29-23774,등록이 되어 있습니다.
15010300205,세원상사,홍지진,010-4202-5172,148-59-39487,등록이 되어 있습니다.
61110200017,청도상회,홍건우,010-3089-3104,416-25-96192,등록이 되어 있습니다.
13012400001,청량리수산시장상인회,이윤라,010-5898-9571,905-50-97978,등록이 되어 있습니다.
61410900311,인순상회,서우수,010-9834-0022,575-09-60235,등록이 되어 있습니다.
22011100129,녹십초알로에,홍윤수,010-7532-1433,201-50-90986,등록이 되어 있습니다.
53010700087,동부축산,홍나건,010-2966-9342,264-25-41250,등록이 되어 있습니다.
61710100247,칠성상회,조하태,010-2783-4385,863-88-27098,등록이 되어 있습니다.
40310300012,우리유통,권하건,010-8766-4088,092-76-51401,등록이 되어 있습니다.
63110200857,(주)삼진축산,송수수,010-0701-1919,165-64-85372,등록이 되어 있습니다.
70210500111,형제유통,권준민,010-7609-2804,085-25-28951,등록이 되어 있습니다.
30010100025,신도축산부산물,조은수,010-4115-6647,422-51-32095,등록이 되어 있습니다.
24010100001,동쪽바다중앙시장상인,서윤진,010-0398-5180,474-22-82172,등록이 되어 있습니다.
70212300001,대구기계공구상협동조,이윤유,010-6905-0295,978-55-35460,등록이 되어 있습니다.
53610400031,노점,강윤예,010-9158-6339,232-45-57499,등록이 되어 있습니다.
70010100236,디오,신우수,010-8175-1978,795-75-13766,등록이 되어 있지 않습니다. 
13310500064,만물상회,윤나현,010-4134-3793,846-62-48714,등록이 되어 있습니다.
1485200540,(유)승락상회,최지현,010-2511-0070,559-67-63889,등록이 되어 있습니다.
13310500064,만물상회,이도준,010-9556-2633,864-67-77458,등록이 되어 있습니다.
15011800238,영등포청과시장상인회,서진태,010-2405-8085,695-66-88438,등록이 되어 있습니다.
44710100001,오산오색시장상인회,윤진민,010-3423-6899,961-44-92016,등록이 되어 있습니다.
38011000048,대한농산,박희우,010-7231-8803,135-99-99801,등록이 되어 있습니다.
61410900064,미나리상회,권서은,010-6371-3439,153-59-58819,등록이 되어 있습니다.
15010300177,제주상회,한수라,010-6173-0989,600-17-16180,등록이 되어 있습니다.
70510800006,봉덕신시장상인회,김도라,010-0523-1873,608-39-66954,등록이 되어 있습니다.
60910200033,동림떡집,조하예,010-6186-0366,845-06-46621,등록이 되어 있습니다.
50110300117,꽃게수산(바다애),권윤준,010-1056-0419,635-00-29244,등록이 되어 있습니다.
2181200002,씨유 자갈치점,한건민,010-5236-6975,089-46-36835,등록이 되어 있습니다.
2043200033,노점,김시건,010-9414-9769,514-68-54702,등록이 되어 있습니다.
54010200080,노점상(과일),신예우,010-6604-6873,418-05-11669,등록이 되어 있습니다.
21710200001,속초중앙전통시장상인,이태태,010-0052-8568,802-50-31431,등록이 되어 있습니다.
40310300001,부평깡시장 상인회,홍희나,010-0987-2795,495-80-16271,등록이 되어 있습니다.
70510800006,봉덕신시장상인회,한준우,010-6515-1644,061-96-82455,등록이 되어 있지 않습니다. 
58010200001,정읍샘고을시장상인회,강우시,010-8324-8613,069-73-70207,등록이 되어 있지 않습니다. 
14034200016,홍도어물,권준지,010-5780-4511,488-38-68426,등록이 되어 있지 않습니다. 
68010500001,야음상가시장상인회,박지희,010-4483-0178,315-55-39828,등록이 되어 있습니다.
7005200001,영남상회,권라우,010-6274-5821,421-61-11096,등록이 되어 있습니다.
70510300031,조선제과,박도수,010-6700-5582,918-85-14944,등록이 되어 있습니다.
70211000023,노점,최시태,010-8137-4797,793-98-45665,등록이 되어 있습니다.
60211100082,영동수산,임도도,010-8947-9911,987-00-10324,등록이 되어 있습니다.
35010100133,관성상회,한건은,010-6357-6302,427-31-92744,등록이 되어 있습니다.
61710100012,신용상회,권우수,010-1709-5047,730-84-86370,등록이 되어 있습니다.
50210400155,서부상회,권예건,010-8273-6708,703-02-51823,등록이 되어 있습니다.
65010300118,산새상회,권라준,010-2365-8202,248-39-23206,등록이 되어 있습니다.
15310200392,참좋은견과류,김유윤,010-6139-4432,406-59-87731,등록이 되어 있습니다.
61411200072,김해상회,정은도,010-2125-9764,886-57-23621,등록이 되어 있습니다.
50110100001,광주전자의거리,홍지시,010-5545-7690,549-00-84268,등록이 되어 있습니다.
50210300694,우진상회,최하현,010-6535-8499,642-66-50141,등록이 되어 있습니다.
4050200039,대성수산,조유시,010-3714-6242,790-78-56392,등록이 되어 있습니다.
21010600002,주문진수산시장,윤지서,010-0650-4567,389-49-34078,등록이 되어 있습니다.
38010100188,무학시장상인회,홍현진,010-6343-7389,244-64-29450,등록이 되어 있습니다.
70213100001,칠성상가시장상인회,윤서서,010-7898-7132,768-32-11322,등록이 되어 있습니다.
4050200039,대성수산,이하나,010-0932-4539,993-71-21592,등록이 되어 있습니다.
4050200039,대성수산,최시희,010-7467-5005,210-46-43788,등록이 되어 있습니다.
54810100037,고흥수산물상회,조희현,010-3701-5131,350-35-99529,등록이 되어 있습니다.
13310500488,(주)이삭미트,조수라,010-1614-3544,009-19-14407,등록이 되어 있습니다.
6004200023,농업회사법인 (주),김준시,010-2448-5454,718-26-60503,등록이 되어 있습니다.
14032100001,목포자유시장상인회,홍지지,010-4135-7981,936-73-94186,등록이 되어 있습니다.
66011500069,보생상사,신은윤,010-2312-7143,444-75-85765,등록이 되어 있습니다.
14032100001,목포자유시장상인회,최윤희,010-8963-8888,107-99-65422,등록이 되어 있습니다.
2280200089,맑은나라,윤진유,010-6262-6642,725-68-38058,등록이 되어 있습니다.
60010700001,보수종합시장,신수나,010-2986-2933,219-16-47289,등록이 되어 있습니다.
79110400544,해도상회,신현민,010-5743-5468,479-90-90756,등록이 되어 있습니다.
57010100001,북부시장상인회,서진태,010-9455-7604,570-68-63102,등록이 되어 있습니다.
9201200112,띠아모매트,서나건,010-1614-5693,017-25-14482,등록이 되어 있습니다.
59010100001,남원공설시장상인회,이하라,010-4873-9066,159-09-47411,등록이 되어 있습니다.
70210700001,칠성시장상인회,홍하하,010-1466-0665,289-26-87231,등록이 되어 있습니다.
75010900004,여러분식육유통,송현시,010-6087-9851,586-64-96424,등록이 되어 있습니다.
79110400720,장은종합수산,윤지예,010-8228-7784,755-68-35617,등록이 되어 있지 않습니다. 
12061200084,베이비베네피아천안점,강민도,010-8869-6619,268-20-40166,등록이 되어 있습니다.
66610100050,지리산산약초,조예하,010-3332-1986,399-87-33332,등록이 되어 있습니다.
13310500360,신호미트,권건윤,010-2703-9925,683-49-37468,등록이 되어 있습니다.
61710900002,장원,이도수,010-3541-7359,654-25-98123,등록이 되어 있습니다.
15310100001,별빛남문시장상점가진,강준도,010-1393-3550,364-90-60475,등록이 되어 있습니다.
70510800006,봉덕신시장상인회,조시우,010-9658-5453,633-33-72340,등록이 되어 있습니다.
70210100650,노점,홍희진,010-3077-5806,635-53-74442,등록이 되어 있습니다.
16232200053,한우리식품,이진시,010-9592-6190,893-60-33483,등록이 되어 있습니다.
50210400187,흥선유통,정유태,010-4950-4019,335-20-14444,등록이 되어 있습니다.
70510800006,봉덕신시장상인회,최우윤,010-0702-0103,434-82-04572,등록이 되어 있습니다.
76710400009,피에이티 울진점,송예라,010-2903-8117,636-60-60725,등록이 되어 있습니다.
13810400001,풍납시장상인회,윤민수,010-9146-0249,479-61-04847,등록이 되어 있습니다.
60610100001,영도봉래시장,권나윤,010-0040-1662,977-53-73246,등록이 되어 있지 않습니다. 
53010700087,동부축산,정진도,010-5185-1462,953-26-22621,등록이 되어 있지 않습니다. 
30610400139,제주상회,송하건,010-0967-0539,772-48-14426,등록이 되어 있지 않습니다. 
60110100001,(사)부산진시장번영,홍민하,010-9393-2445,890-80-69847,등록이 되어 있습니다.
61710100168,진양상회,송민준,010-6067-7148,439-23-56391,등록이 되어 있습니다.
70212400001,본시장,송하은,010-7447-3672,664-10-84318,등록이 되어 있습니다.
13310500313,문경한우,박하서,010-4318-8365,673-51-71271,등록이 되어 있습니다.
5040200003,진미민물,박서유,010-4054-5662,626-25-48940,등록이 되어 있습니다.
70510800006,봉덕신시장상인회,송우하,010-0667-7267,528-61-95428,등록이 되어 있습니다.
79110300077,참푸른닭오리,한하시,010-9828-8596,852-54-94744,등록이 되어 있습니다.
79110300077,참푸른닭오리,윤유유,010-9982-3096,412-38-59221,등록이 되어 있습니다.
40210200064,청미포크,최은민,010-0234-7342,326-67-98122,등록이 되어 있습니다.
56010300264,55번생선,김서하,010-2098-4338,709-85-14915,등록이 되어 있지 않습니다. 
61110200017,청도상회,서은하,010-8980-6733,861-25-45864,등록이 되어 있습니다.
56010300264,55번생선,최시진,010-5304-1966,388-70-99706,등록이 되어 있습니다.
61710100249,승지상회,이도민,010-0968-8319,970-00-59467,등록이 되어 있습니다.
70211800021,달성상사,조수나,010-0435-9278,111-94-37518,등록이 되어 있습니다.
70011000001,건해산물상인회,권유유,010-4830-3984,419-92-67665,등록이 되어 있습니다.
30011000049,이태원,이태라,010-6887-3199,857-31-94294,등록이 되어 있지 않습니다. 
70210500010,충북상회,송은윤,010-4335-3494,322-44-97373,등록이 되어 있습니다.
50210300670,준경상회,강서라,010-7498-6713,155-44-51065,등록이 되어 있지 않습니다. 
50210300670,준경상회,강태시,010-3719-7486,391-98-21745,등록이 되어 있습니다.
30010100025,신도축산부산물,김태희,010-5634-3881,451-31-01670,등록이 되어 있지 않습니다. 
4059200013,만복래노점,서하수,010-6827-1369,432-29-47993,등록이 되어 있습니다.
70510800006,봉덕신시장상인회,강건서,010-9017-9713,424-41-11654,등록이 되어 있지 않습니다. 
70310100121,서문시장2지구,신현수,010-8740-8822,795-04-59915,등록이 되어 있습니다.
56010400001,전주중앙상가시장상인,신태유,010-0578-6833,037-14-65373,등록이 되어 있습니다.
6004200023,농업회사법인 (주),신희민,010-3641-8807,567-10-44827,등록이 되어 있습니다.
68110200065,선우시장상인회,최예윤,010-2542-2630,192-69-84127,등록이 되어 있습니다.
47110100001,구리시장,박예나,010-9849-7422,785-53-55853,등록이 되어 있습니다.
56010500001,신중앙시장상인회,권민민,010-8032-8274,147-00-18735,등록이 되어 있습니다.
30610400222,두리유통종합물류,박희태,010-2426-8176,778-69-11421,등록이 되어 있습니다.
57010100024,홍진의류,이은유,010-7086-8879,976-96-05787,등록이 되어 있습니다.
15011800044,용인청과 농업회사법,조하나,010-0911-2987,168-62-84162,등록이 되어 있습니다.
55011900022,영광상회,조진윤,010-4845-7057,651-91-53025,등록이 되어 있습니다.
68910100013,시장과일,박시은,010-8948-7948,348-30-59558,등록이 되어 있습니다.
13011300086,푸른농산,송윤준,010-9658-8950,229-30-32114,등록이 되어 있지 않습니다. 
70210100653,㈜용궁냉동,윤민서,010-9508-0041,499-76-49852,등록이 되어 있습니다.
64110700387,상남식자재,한은윤,010-5643-9150,028-38-36980,등록이 되어 있습니다.
70610300205,오성유통,정도시,010-5283-1103,890-13-19735,등록이 되어 있습니다.
61710100247,칠성상회,송현건,010-3093-6006,103-91-48920,등록이 되어 있습니다.
70510800006,봉덕신시장상인회,서수서,010-2786-4101,317-98-06845,등록이 되어 있습니다.
53010600012,화성상회,서건유,010-2477-2349,851-94-05574,등록이 되어 있습니다.
54010200241,노점,송지민,010-6343-7293,339-09-37470,등록이 되어 있습니다.
60010200206,일성상회,정은예,010-9686-6764,645-28-23416,등록이 되어 있습니다.
70510800006,봉덕신시장상인회,윤은서,010-1364-6640,785-94-99579,등록이 되어 있습니다.
40010811881,화신수산,강우지,010-9379-0458,694-45-77938,등록이 되어 있습니다.
46211400040,풍년쌀상회,정민건,010-7879-3900,010-55-82328,등록이 되어 있습니다.
60010200034,왕대수산,임시시,010-9062-0756,289-60-45860,등록이 되어 있습니다.
13112200063,태복정육점,홍서은,010-1250-4196,048-00-63340,등록이 되어 있습니다.
61111700002,세영식품,정수우,010-8314-9218,008-61-88129,등록이 되어 있습니다.
13011700530,두성상회,김태진,010-8417-5304,610-72-72224,등록이 되어 있습니다.
57010100209,신영생선,조윤태,010-4708-5947,888-33-04283,등록이 되어 있습니다.
70412400077,아름무역,김진라,010-7291-8916,139-27-32627,등록이 되어 있습니다.
22010500018,부론상회,송지현,010-9864-7180,101-86-13047,등록이 되어 있습니다.
30010800059,빙그레식당,정태나,010-5226-6743,495-57-81415,등록이 되어 있습니다.
57010100001,북부시장상인회,강우윤,010-7612-2187,262-02-64875,등록이 되어 있습니다.
14032100001,목포자유시장상인회,임현수,010-1193-1026,339-56-74689,등록이 되어 있습니다.
14162200012,이레,강수민,010-9729-1994,250-54-65637,등록이 되어 있습니다.
5041200011,서부직매장,임진희,010-1322-8714,085-15-21723,등록이 되어 있습니다.
13310500252,주식회사대성한우,송도건,010-9669-8139,995-79-45238,등록이 되어 있습니다.
79110400544,해도상회,송희하,010-7137-0388,097-67-23226,등록이 되어 있습니다.
75010900004,여러분식육유통,김하현,010-6823-7037,252-25-45962,등록이 되어 있습니다.
9201200112,띠아모매트,한서도,010-6456-5568,953-44-56973,등록이 되어 있습니다.
64110700387,상남식자재,정준도,010-8890-5979,849-92-20442,등록이 되어 있습니다.
30010700278,대전계산기,김진우,010-8249-7552,816-93-55657,등록이 되어 있습니다.
40010810303,선도7호 옥진상회,윤유서,010-2741-6520,551-90-38493,등록이 되어 있습니다.
61411300488,대흥인삼,서희도,010-2151-2945,120-97-98558,등록이 되어 있습니다.
15010900257,영등포전통시장상인회,박하준,010-3299-6265,666-45-48527,등록이 되어 있습니다.
2069200005,해조원,홍윤은,010-9497-3702,379-27-40637,등록이 되어 있습니다.
63010100003,금호상회,정유진,010-1675-7544,884-69-92914,등록이 되어 있습니다.
12010300117,금릉상회,강우지,010-4879-4791,340-64-61873,등록이 되어 있습니다.
55011000006,건어물중매인95호(,윤태서,010-9116-3970,277-99-56667,등록이 되어 있습니다.
76010200415,꼬꼬센타,한우희,010-8556-1574,585-27-68699,등록이 되어 있습니다.
61710900002,장원,강진예,010-1410-2621,953-84-49625,등록이 되어 있습니다.
13010400072,공주물산,임라진,010-2236-7482,769-14-81759,등록이 되어 있습니다.
73010400106,선산봉황시장상인회,임민지,010-8166-6827,470-82-43757,등록이 되어 있습니다.
53010800027,학산상회,홍건태,010-3134-5523,313-21-01244,등록이 되어 있지 않습니다. 
60610200082,영광축산,권예라,010-3464-8964,116-85-79898,등록이 되어 있습니다.
63110200677,대성활어,홍진건,010-5962-1091,882-29-29062,등록이 되어 있습니다.
60711200043,생선백화점,최예수,010-0988-7754,030-12-86593,등록이 되어 있습니다.
70610500124,태산양곡,이도나,010-6451-8973,906-31-59502,등록이 되어 있습니다.
36010500353,증평국수,김하수,010-3064-6160,679-37-66540,등록이 되어 있습니다.
50210300015,양동식육점,권시준,010-6111-0918,112-55-74831,등록이 되어 있습니다.
54010200058,보수청과,한유라,010-3150-6859,988-52-65773,등록이 되어 있습니다.
43010200001,안양남부시장상인회,최태윤,010-5219-5261,402-23-51256,등록이 되어 있지 않습니다. 
79110300077,참푸른닭오리,정유예,010-8621-1175,498-05-33141,등록이 되어 있습니다.
13012400001,청량리수산시장상인회,홍예수,010-2135-1097,439-60-42178,등록이 되어 있습니다.
70210100649,㈜예성농산 농업회사,이예지,010-7748-9256,978-31-96360,등록이 되어 있지 않습니다. 
50210300518,점순상회,권윤지,010-9041-9349,722-65-15070,등록이 되어 있습니다.
62710200118,온유손뜨개,임서윤,010-1012-5908,843-08-90096,등록이 되어 있습니다.
70210100045,산들샘,서태진,010-6793-7575,999-79-18275,등록이 되어 있습니다.
10010200282,첼루빠빠,신희도,010-9391-1228,990-42-95657,등록이 되어 있지 않습니다. 
63110200001,마산시어시장상인회,최윤희,010-7035-3850,240-07-29541,등록이 되어 있습니다.
6014200005,충청농산,김유라,010-5188-4022,916-98-56325,등록이 되어 있습니다.
13310500299,웅진축산,권시라,010-9680-2767,398-44-71497,등록이 되어 있습니다.
10010101209,세기모자,최준유,010-1568-1326,504-31-17754,등록이 되어 있습니다.
70011200008,영천참기름,정지은,010-5414-0229,201-52-16800,등록이 되어 있지 않습니다. 
61610100110,노점,강유서,010-6424-2882,926-93-63875,등록이 되어 있습니다.
3051200025,디오디대구성서점,홍민나,010-7311-8540,259-64-84766,등록이 되어 있습니다.
55012200128,승조식품,박건예,010-5029-0494,770-44-71682,등록이 되어 있습니다.
2181200002,씨유 자갈치점,임예진,010-9369-9362,458-14-59786,등록이 되어 있지 않습니다. 
70510800006,봉덕신시장상인회,최하은,010-1329-9511,228-41-26028,등록이 되어 있습니다.
74210700043,올품상주대리점,김건진,010-3772-5099,278-96-36570,등록이 되어 있습니다.
10010500001,평화시장상인연합회,정진시,010-3836-5193,670-54-36220,등록이 되어 있습니다.
2279200012,창우수산,한은예,010-3567-8298,877-74-29149,등록이 되어 있지 않습니다. 
54010200241,노점,권윤준,010-6213-9799,768-66-16979,등록이 되어 있습니다.
70010200053,가창방앗간,홍태우,010-7136-6202,259-87-59548,등록이 되어 있지 않습니다. 
42010200001,부천상동시장상인회,송예희,010-5743-4599,949-31-73393,등록이 되어 있지 않습니다. 
21710200001,속초중앙전통시장상인,김윤희,010-0016-1652,074-67-53298,등록이 되어 있지 않습니다. 
10011500206,엄마방,최예서,010-4483-0284,974-51-17586,등록이 되어 있지 않습니다. 
50110300232,이천상사,이유나,010-8647-5500,875-29-83873,등록이 되어 있지 않습니다. 
70510800006,봉덕신시장상인회,최지민,010-0235-6704,247-17-28276,등록이 되어 있지 않습니다. 
70510800006,봉덕신시장상인회,권희윤,010-8948-6353,429-98-92738,등록이 되어 있지 않습니다. 
70510800006,봉덕신시장상인회,이태희,010-1219-8262,529-29-96923,등록이 되어 있지 않습니다. 
61410500036,15번상회,홍지건,010-9838-9457,124-04-23076,등록이 되어 있지 않습니다. 
38010800013,하나청과,송예민,010-2232-5785,523-08-52296,등록이 되어 있습니다.
40010811881,화신수산,임은윤,010-8251-6851,539-08-27325,등록이 되어 있습니다.
70213100001,칠성상가시장상인회,송희민,010-1961-0657,318-81-27920,등록이 되어 있습니다.
70213100001,칠성상가시장상인회,홍하우,010-8689-7035,611-22-11915,등록이 되어 있습니다.
50210400112,신진수산,서시하,010-8250-9316,752-75-23843,등록이 되어 있습니다.
60010200034,왕대수산,강유수,010-0381-9880,268-70-48934,등록이 되어 있습니다.
60010200112,부전상회,최서하,010-6896-3034,465-90-95653,등록이 되어 있습니다.
79110400671,강원민물,홍서건,010-4160-6878,104-94-43476,등록이 되어 있습니다.
70211600001,"칠성진,경명시장상인",한민서,010-6229-4955,305-56-89480,등록이 되어 있습니다.
61310200001,남천해변시장,윤도나,010-3121-0793,991-98-02861,등록이 되어 있습니다.
15093200010,일진푸드,박건진,010-6539-1151,930-73-95395,등록이 되어 있습니다.
70210500154,대흥상회,박도건,010-6342-0820,058-51-08971,등록이 되어 있습니다.
13610100001,돈암시장상인회,임희민,010-1457-0806,336-10-56568,등록이 되어 있지 않습니다. 
33110600001,명동대흥로상인회,박진희,010-7149-4929,903-80-11441,등록이 되어 있습니다.
57010100209,신영생선,한시건,010-1659-9806,259-05-18102,등록이 되어 있습니다.
76710200076,신미혼수방,김준희,010-4578-5803,976-70-82528,등록이 되어 있습니다.
42210500021,부흥떡방앗간,정지유,010-9723-3937,736-21-85994,등록이 되어 있습니다.
40710111788,노점,최수도,010-3925-3251,678-86-77628,등록이 되어 있습니다.
30210200344,떡메랑,최태수,010-8614-9608,786-11-59077,등록이 되어 있습니다.
57011100223,별미떡방앗간,조유준,010-4565-6506,696-36-05293,등록이 되어 있습니다.
61610100104,동성푸드,윤은현,010-5655-6293,142-76-97192,등록이 되어 있습니다.
13310500488,(주)이삭미트,송건현,010-6267-3568,944-33-71955,등록이 되어 있습니다.
61610100104,동성푸드,신민진,010-4623-6374,330-50-21350,등록이 되어 있습니다.
40310400001,부평종합시장상인회,최우라,010-9507-7370,229-20-26148,등록이 되어 있습니다.
56010300255,송원농산,강민우,010-9532-9740,903-41-57021,등록이 되어 있습니다.
78010300336,행복유통,김현수,010-5064-2056,713-13-85457,등록이 되어 있습니다.
13610100001,돈암시장상인회,송희민,010-6871-9628,254-59-66092,등록이 되어 있습니다.
70212400024,상우수산,홍윤현,010-6435-1726,278-08-22149,등록이 되어 있습니다.
21710200001,속초중앙전통시장상인,최진나,010-2675-8384,112-25-89307,등록이 되어 있습니다.
70210700855,대창상회,송유우,010-7459-1551,527-84-81434,등록이 되어 있지 않습니다. 
10010500001,평화시장상인연합회,서건진,010-1317-5309,338-31-47829,등록이 되어 있습니다.
54010200171,수창수산(수창상회),최수유,010-3310-1399,442-79-68072,등록이 되어 있습니다.
54010200171,수창수산(수창상회),송준진,010-7432-4237,273-75-43525,등록이 되어 있습니다.
61710900002,장원,홍수하,010-8128-7121,168-90-06393,등록이 되어 있습니다.
70212010000,주식회사태현유통산격,조준유,010-7433-4703,277-78-42479,등록이 되어 있습니다.
70210100612,삼신상회,송우서,010-9738-2387,027-82-65679,등록이 되어 있습니다.
13012400117,음성수산,윤준도,010-1108-7782,294-76-79896,등록이 되어 있습니다.
50210200001,양동복개상가상인회,조희현,010-5039-3218,179-89-51723,등록이 되어 있습니다.
70212010000,주식회사태현유통산격,한나진,010-5469-6876,352-13-55616,등록이 되어 있습니다.
40210511590,일성유통,서민수,010-9205-5499,956-69-83765,등록이 되어 있습니다.
58010400020,노송상회,권라시,010-3574-8795,660-89-81664,등록이 되어 있습니다.
50210300518,점순상회,한시수,010-7632-8264,075-20-46479,등록이 되어 있습니다.
70212000050,동원유통,윤하나,010-5462-3542,041-89-46059,등록이 되어 있습니다.
16232200053,한우리식품,강태라,010-9976-6765,205-20-08190,등록이 되어 있습니다.
3051200010,대구성서데상트,송윤하,010-2212-2178,344-68-63056,등록이 되어 있습니다.
30110100036,노점,조예예,010-4306-5195,818-25-77262,등록이 되어 있지 않습니다. 
50211200045,무등식육점,조건지,010-7980-5119,031-38-18811,등록이 되어 있습니다.
15010300163,영동상회,박태수,010-3590-5456,721-56-05422,등록이 되어 있습니다.
30610400184,열린유통,한준시,010-9565-3516,412-37-69319,등록이 되어 있습니다.
9081200011,드림유통,김준지,010-9098-4452,871-11-18592,등록이 되어 있습니다.
5040200003,진미민물,조서지,010-6984-1083,560-66-69071,등록이 되어 있습니다.
50110300311,더드림농수산,김나현,010-7815-0172,811-44-10947,등록이 되어 있습니다.
61710100109,대성마늘,서건시,010-3682-2583,761-71-50120,등록이 되어 있습니다.
70210500210,대아유통,김지우,010-8331-5812,947-54-83145,등록이 되어 있습니다.
70210700001,칠성시장상인회,박희윤,010-0116-4527,182-36-03758,등록이 되어 있지 않습니다. 
32010200283,왕대수산,한희희,010-0689-8710,103-60-12962,등록이 되어 있습니다.
70510800006,봉덕신시장상인회,권지희,010-8856-7050,789-28-63937,등록이 되어 있습니다.
70210700001,칠성시장상인회,권민우,010-0352-5889,997-17-54314,등록이 되어 있습니다.
70310200135,영남양곡상회,윤예윤,010-9551-0016,661-59-69557,등록이 되어 있습니다.
62710200118,온유손뜨개,최지건,010-2125-8743,595-65-42128,등록이 되어 있습니다.
33010500103,우성식품,최나유,010-2227-4732,512-13-08192,등록이 되어 있습니다.
40510200001,구월시장상인회,신예시,010-6454-0451,490-07-71791,등록이 되어 있습니다.
47710300011,가평금방,강지서,010-8080-0791,384-88-12220,등록이 되어 있습니다.
70210500111,형제유통,강하지,010-3639-6221,776-95-30251,등록이 되어 있습니다.
14036200002,노점,홍우윤,010-8937-1632,008-50-66682,등록이 되어 있지 않습니다. 
79110400600,이광남(노점),송진나,010-7295-2816,840-61-91259,등록이 되어 있지 않습니다. 
40310300001,부평깡시장 상인회,신태은,010-3443-4095,343-35-78753,등록이 되어 있지 않습니다. 
60210700131,여경수산,강건서,010-4277-9851,279-03-60647,등록이 되어 있습니다.
70210400002,대륙수산,송민서,010-7491-8927,994-11-49307,등록이 되어 있지 않습니다. 
60210700131,여경수산,최하준,010-7924-3367,422-87-66016,등록이 되어 있지 않습니다. 
13011700340,광성상회,서시준,010-0312-0528,697-66-62999,등록이 되어 있습니다.
75011100083,우리한우직판장,윤민시,010-4989-4685,573-83-79570,등록이 되어 있지 않습니다. 
60410500072,들물횟집,홍유건,010-2247-5525,746-24-03518,등록이 되어 있지 않습니다. 
78010400059,철자상회,권유시,010-8481-0873,320-82-90305,등록이 되어 있습니다.
38010700385,충주자유시장상인회,최나태,010-8568-9723,315-23-48793,등록이 되어 있습니다.
56010400001,전주중앙상가시장상인,송지도,010-0306-0759,551-30-20792,등록이 되어 있습니다.
13011300086,푸른농산,한윤진,010-9223-5396,530-39-84385,등록이 되어 있습니다.
13011300086,푸른농산,권지서,010-0052-8975,762-15-83500,등록이 되어 있습니다.
70510800006,봉덕신시장상인회,최라건,010-4772-2076,367-15-76870,등록이 되어 있습니다.
70510800006,봉덕신시장상인회,최은진,010-8433-0350,338-75-27118,등록이 되어 있습니다.
64110700236,상남닭,조준태,010-3910-4289,844-28-40882,등록이 되어 있습니다.
61710100235,경남상회,정하도,010-7148-0737,617-02-42249,등록이 되어 있습니다.
2181200002,씨유 자갈치점,조우수,010-5806-9537,458-48-88678,등록이 되어 있지 않습니다. 
40310300263,두한상회,김진시,010-4233-4202,275-05-56175,등록이 되어 있습니다.
70510800006,봉덕신시장상인회,조서현,010-6895-1178,831-44-84186,등록이 되어 있습니다.
70210700001,칠성시장상인회,한지서,010-5559-3603,447-90-27973,등록이 되어 있습니다.
70210100653,㈜용궁냉동,김유민,010-9744-7211,726-06-67225,등록이 되어 있습니다.
64110700387,상남식자재,권지현,010-5980-8447,823-02-11577,등록이 되어 있습니다.
65010300118,산새상회,한예윤,010-6077-2542,127-23-36030,등록이 되어 있습니다.
60210100001,충무동새벽시장,김예하,010-2137-4201,567-37-00204,등록이 되어 있지 않습니다. 
55010600028,엄마손식품,신수태,010-1979-3391,426-81-97209,등록이 되어 있습니다.
70510300031,조선제과,서현준,010-5992-2140,996-31-04700,등록이 되어 있습니다.
70210300001,대구청과시장상인회,조하희,010-7044-1980,834-77-10329,등록이 되어 있습니다.
61111700002,세영식품,송라수,010-2154-2192,949-78-47888,등록이 되어 있습니다.
2130200010,명동찌개마을 대신점,윤은시,010-5551-7829,471-34-72196,등록이 되어 있습니다.
60010200182,진영수산,조민지,010-4246-2935,346-90-12694,등록이 되어 있습니다.
13310500500,주식회사백두한우,박하도,010-1588-0998,733-70-51797,등록이 되어 있지 않습니다. 
70213100001,칠성상가시장상인회,윤수준,010-1098-8928,440-22-58579,등록이 되어 있습니다.
70213100001,칠성상가시장상인회,김건시,010-5866-1386,815-04-99459,등록이 되어 있습니다.
56010500088,남해수산,서현건,010-2660-6117,073-32-31785,등록이 되어 있습니다.
56010500088,남해수산,박태현,010-5615-4173,736-11-14214,등록이 되어 있습니다.
13310500500,주식회사백두한우,서도지,010-7623-0670,241-38-05416,등록이 되어 있지 않습니다. 
4050200039,대성수산,정하현,010-1533-5767,568-15-88859,등록이 되어 있지 않습니다. 
70210700001,칠성시장상인회,최하희,010-8718-7080,233-33-95377,등록이 되어 있지 않습니다. 
12030200001,하경야채덕,김은수,010-2742-5362,390-90-32883,등록이 되어 있지 않습니다. 
70211800003,안평상회,김준서,010-6910-1989,728-82-15605,등록이 되어 있지 않습니다. 
79110800036,영일만수산,강지우,010-3570-9502,314-05-45876,등록이 되어 있지 않습니다. 
30010700297,미래수산,정희하,010-0922-5375,222-46-26637,등록이 되어 있지 않습니다. 
66011500001,진주논개시장상인회,이우현,010-6917-9941,733-94-73017,등록이 되어 있지 않습니다. 
66011500001,진주논개시장상인회,홍태은,010-9889-8654,386-23-90512,등록이 되어 있지 않습니다. 
6004200023,농업회사법인 (주),서라유,010-9506-6541,331-37-18249,등록이 되어 있지 않습니다. 
61610100104,동성푸드,강유하,010-3992-3854,993-68-10412,등록이 되어 있지 않습니다. 
40310313996,대양농수산,박건윤,010-3226-4901,262-68-77138,등록이 되어 있습니다.
79110400544,해도상회,김준유,010-0988-4851,020-35-34257,등록이 되어 있습니다.
57910100001,부안상설시장상인회,김준희,010-7376-0564,882-07-80827,등록이 되어 있습니다.
60010200115,잠수기중매1번,최지시,010-7100-4139,478-70-81044,등록이 되어 있습니다.
61411300488,대흥인삼,박라현,010-5728-7795,703-36-90822,등록이 되어 있습니다.
46210700015,연합쌀상회,박준우,010-8299-8921,668-66-57440,등록이 되어 있습니다.
42010300154,세라젬 클럽밸런스5,최진희,010-7823-9328,299-63-84088,등록이 되어 있습니다.
15011800233,신거창(주),임수윤,010-4372-7535,118-27-27918,등록이 되어 있습니다.
13310500360,신호미트,조나준,010-4759-4945,878-40-07083,등록이 되어 있지 않습니다. 
13610800012,유정식품,송수지,010-1933-1480,970-23-57497,등록이 되어 있습니다.
2069200005,해조원,권태민,010-7621-5250,102-10-17851,등록이 되어 있습니다.
60110500179,동양식품,정도유,010-9579-0586,902-85-20507,등록이 되어 있습니다.
68110800124,태화종합시장 상인회,이하우,010-0246-0111,384-69-53854,등록이 되어 있습니다.
16136200010,창원농산,정시진,010-5050-3497,409-92-29875,등록이 되어 있습니다.
13310500535,마장축산물시장상인회,박서수,010-1539-4920,603-29-05667,등록이 되어 있지 않습니다. 
61410700001,부산평화시장,서태준,010-6354-7285,620-68-95187,등록이 되어 있습니다.
15110200001,신원시장 상인회,이라윤,010-0255-1719,549-63-59437,등록이 되어 있습니다.
15210200001,구로시장상인회,이시예,010-8154-0766,951-03-53299,등록이 되어 있습니다.
44210700001,영동시장(주),서나나,010-9731-6770,835-91-06511,등록이 되어 있습니다.
54010400258,유한회사순천수산,정지은,010-3497-0950,091-90-67198,등록이 되어 있습니다.
61610200151,노점,최예수,010-9884-1699,146-37-84571,등록이 되어 있습니다.
2043200031,노점,송서나,010-0137-3457,331-07-74464,등록이 되어 있지 않습니다. 
68111100264,참숯구이초장집,최도지,010-5540-6344,356-41-65932,등록이 되어 있습니다.
61710100109,대성마늘,박준시,010-6941-4956,801-27-99771,등록이 되어 있습니다.
3126200022,노점,강유나,010-1373-1017,599-66-32987,등록이 되어 있습니다.
79110800057,동부수족관,서건현,010-6879-8831,542-94-79254,등록이 되어 있습니다.
70210100542,새안동상회,박준우,010-3624-4867,354-06-63817,등록이 되어 있습니다.
70210100542,새안동상회,정도준,010-0126-9044,323-06-72261,등록이 되어 있습니다.
61710200001,르네시떼,강건시,010-7744-8661,474-21-69118,등록이 되어 있습니다.
15011800136,매일농산,조나건,010-1479-4901,484-85-98756,등록이 되어 있지 않습니다. 
70210700001,칠성시장상인회,박예현,010-1304-4622,242-46-41663,등록이 되어 있습니다.
30010100025,신도축산부산물,박라민,010-9846-2321,133-99-18284,등록이 되어 있습니다.
70212200739,교동전기㈜,이민하,010-7364-9483,847-26-10897,등록이 되어 있습니다.
70211800021,달성상사,임진우,010-2943-8826,525-83-78297,등록이 되어 있습니다.
68110200065,선우시장상인회,강윤라,010-5633-2856,438-22-72000,등록이 되어 있습니다.
1122200008,굴다리만물,박도나,010-9351-8521,003-42-35354,등록이 되어 있지 않습니다. 
63112000126,동정수산,강현예,010-1458-0841,859-36-47595,등록이 되어 있습니다.
70510800006,봉덕신시장상인회,서현유,010-4940-0090,358-37-65858,등록이 되어 있습니다.
2181200002,씨유 자갈치점,한은희,010-3114-1389,308-44-97350,등록이 되어 있습니다.
63112000126,동정수산,송유하,010-8949-5389,744-60-68951,등록이 되어 있습니다.
40210511590,일성유통,최윤준,010-8730-8115,975-15-97564,등록이 되어 있습니다.
74510100014,가은유통,정태은,010-4013-3763,182-48-78874,등록이 되어 있습니다.
2181200002,씨유 자갈치점,김윤민,010-4117-9544,111-04-97462,등록이 되어 있습니다.
13310500424,(주)아이앤지푸드,윤도은,010-7494-4040,798-99-36678,등록이 되어 있지 않습니다. 
74010300039,니코보코김천대리점,김희수,010-0918-6900,401-27-80834,등록이 되어 있습니다.
60610200285,친구커피,임건수,010-1033-7135,693-39-90615,등록이 되어 있습니다.
54010200080,노점상(과일),임진진,010-7460-1396,445-06-63477,등록이 되어 있습니다.
74510100014,가은유통,신희진,010-4628-1067,439-47-20908,등록이 되어 있습니다.
57010100001,북부시장상인회,정윤준,010-5677-8386,299-73-34627,등록이 되어 있습니다.
64110700387,상남식자재,임우건,010-0174-1974,224-43-36777,등록이 되어 있습니다.
57010100024,홍진의류,강지라,010-5440-2111,410-75-54883,등록이 되어 있습니다.
70510800006,봉덕신시장상인회,김라예,010-8037-4306,997-57-45224,등록이 되어 있지 않습니다. 
50110300117,꽃게수산(바다애),김유하,010-1882-8029,489-76-75623,등록이 되어 있습니다.
78010400059,철자상회,이현유,010-0459-1669,590-57-39096,등록이 되어 있습니다.
30610400118,선우상회,윤민하,010-4006-3155,830-04-27858,등록이 되어 있습니다.
70510800006,봉덕신시장상인회,송민진,010-5141-5961,230-05-06879,등록이 되어 있습니다.
15110500013,현대홈마트,윤하민,010-6281-5800,235-11-23208,등록이 되어 있습니다.
50210200049,신흥가방&모자,서건은,010-7724-3424,080-17-76994,등록이 되어 있습니다.
70210700798,노점(야채),윤민유,010-1240-0573,029-89-23832,등록이 되어 있습니다.
7005200001,영남상회,한우지,010-4261-6963,016-44-77553,등록이 되어 있습니다.
61410800724,대현상회,최유태,010-5565-4279,605-48-02604,등록이 되어 있지 않습니다. 
14127200002,해남건어물,윤윤도,010-3802-4062,199-71-72651,등록이 되어 있습니다.
68010500001,야음상가시장상인회,권예민,010-3755-1615,610-90-15960,등록이 되어 있습니다.
13010500084,푸른야채,서라서,010-6373-7334,209-37-14957,등록이 되어 있습니다.
70011200003,복화식육점,이하수,010-8074-8721,380-81-43234,등록이 되어 있습니다.
68110200065,선우시장상인회,김윤민,010-5831-5927,575-28-43240,등록이 되어 있습니다.
60110100001,(사)부산진시장번영,한준희,010-9317-6537,264-91-28040,등록이 되어 있습니다.
38010100188,무학시장상인회,송수라,010-4983-1078,911-35-42215,등록이 되어 있습니다.
63110200001,마산시어시장상인회,홍예예,010-0436-0744,403-01-95553,등록이 되어 있습니다.
6014200002,주식회사 대한농산,윤현우,010-6750-7253,669-21-76940,등록이 되어 있습니다.
57010100209,신영생선,김현태,010-4728-5464,692-01-19978,등록이 되어 있습니다.
38010100188,무학시장상인회,송현윤,010-9317-3771,408-84-79228,등록이 되어 있습니다.
10010100860,우리농수산물유통센터,조서은,010-3519-8953,460-39-25958,등록이 되어 있습니다.
12030200001,하경야채덕,박예수,010-9267-5263,859-03-92726,등록이 되어 있습니다.
56010300001,전주남부시장,정태건,010-8292-9523,133-36-31748,등록이 되어 있습니다.
79110400536,한빛유통,강희윤,010-6859-4887,473-78-48751,등록이 되어 있습니다.
21710200001,속초중앙전통시장상인,박나윤,010-1035-5303,990-20-34365,등록이 되어 있습니다.
60410300061,대교수산,신태윤,010-7471-3671,363-14-87570,등록이 되어 있습니다.
63110200001,마산시어시장상인회,이라우,010-7846-9347,196-21-71905,등록이 되어 있지 않습니다. 
74010100100,노점,윤현희,010-9320-6927,988-04-77894,등록이 되어 있습니다.
30010700297,미래수산,조현유,010-5269-6149,250-54-43020,등록이 되어 있습니다.
66011500280,남해해물,이준진,010-0742-3564,379-50-72169,등록이 되어 있습니다.
61610100104,동성푸드,최태도,010-6092-0934,572-37-44633,등록이 되어 있습니다.
79110800036,영일만수산,윤예태,010-6983-5244,097-45-10962,등록이 되어 있습니다.
41110500001,능곡시장,신지진,010-5224-6696,981-10-66328,등록이 되어 있습니다.
30010700297,미래수산,한진희,010-9957-3817,438-72-86172,등록이 되어 있습니다.
6004200023,농업회사법인 (주),박은태,010-2735-6982,033-01-78079,등록이 되어 있습니다.
30110100036,노점,강예라,010-6102-8828,047-48-89024,등록이 되어 있습니다.
2181200011,원조할매꼼장어,임윤준,010-8526-8957,865-10-78780,등록이 되어 있습니다.
42010300154,세라젬 클럽밸런스5,한현현,010-2175-7408,584-84-82182,등록이 되어 있습니다.
61710100092,삼오상회,홍시시,010-2420-6436,152-43-89477,등록이 되어 있습니다.
15010300170,영일시장상인회,권나도,010-5469-4453,164-16-84856,등록이 되어 있습니다.
12061200084,베이비베네피아천안점,김하준,010-0616-5868,491-45-94255,등록이 되어 있지 않습니다. 
60010200115,잠수기중매1번,서수서,010-9926-0681,134-24-30082,등록이 되어 있지 않습니다. 
70210100106,노점(용평상회),정태하,010-6077-8662,796-97-41864,등록이 되어 있지 않습니다. 
63010100003,금호상회,조우윤,010-0497-3065,827-14-38199,등록이 되어 있지 않습니다. 
13011800034,강오상회,강우시,010-3214-5821,765-67-93836,등록이 되어 있지 않습니다. 
13310500360,신호미트,홍하유,010-0727-6331,970-49-80169,등록이 되어 있지 않습니다. 
70212010000,주식회사태현유통산격,윤진민,010-5149-5440,377-37-41678,등록이 되어 있지 않습니다. 
15011800161,신광상사,김태라,010-0572-7691,130-71-67197,등록이 되어 있습니다.
2071200002,수비니,조라시,010-2912-6553,887-67-52075,등록이 되어 있습니다.
55011000006,건어물중매인95호(,윤희예,010-0903-8934,937-05-92028,등록이 되어 있습니다.
13310500360,신호미트,홍은유,010-4427-6412,939-58-56513,등록이 되어 있습니다.
60010900604,콩쥐팥쥐,이시건,010-5852-1879,465-61-84580,등록이 되어 있습니다.
76010200415,꼬꼬센타,송도지,010-6640-2153,635-65-63227,등록이 되어 있습니다.
60010200202,어패류1-229,임윤현,010-6043-5311,800-22-58828,등록이 되어 있습니다.
53010700087,동부축산,정수윤,010-6553-4570,306-43-04936,등록이 되어 있습니다.
15210200001,구로시장상인회,강라은,010-0798-2387,078-20-36738,등록이 되어 있습니다.
79110300077,참푸른닭오리,최윤건,010-6233-5546,294-44-02081,등록이 되어 있습니다.
32010200283,왕대수산,최진서,010-4720-3512,889-72-50500,등록이 되어 있습니다.
79110300077,참푸른닭오리,정지시,010-1657-1178,885-97-95800,등록이 되어 있습니다.
79110300077,참푸른닭오리,임도예,010-1243-2193,816-85-83551,등록이 되어 있습니다.
61410900311,인순상회,신현희,010-3296-8348,537-54-97766,등록이 되어 있습니다.
70211800021,달성상사,박태라,010-7147-2595,525-52-50831,등록이 되어 있지 않습니다. 
57010100110,솔나무떡집,서태나,010-0052-4957,894-15-07665,등록이 되어 있습니다.
70011200008,영천참기름,한윤건,010-6432-1662,025-57-32816,등록이 되어 있지 않습니다. 
79110200473,세화상사(주),김수시,010-3122-6950,528-03-61741,등록이 되어 있습니다.
30610400056,선미식품,윤예라,010-1287-4763,955-74-65405,등록이 되어 있지 않습니다. 
61410900215,세광상회,한수예,010-5705-8885,693-77-69073,등록이 되어 있습니다.
50110300117,꽃게수산(바다애),신민나,010-8933-0016,826-38-78331,등록이 되어 있지 않습니다. 
53010300010,대둔수산,이우준,010-1859-0064,280-40-01667,등록이 되어 있습니다.
30610400116,주식회사우성농산,박현태,010-2549-5395,377-60-77634,등록이 되어 있지 않습니다. 
60211100008,제이에스수산,권하희,010-1909-4510,209-77-65747,등록이 되어 있습니다.
61910100188,두옥이네젓갈,권수우,010-2939-0271,487-55-57669,등록이 되어 있지 않습니다. 
70510800006,봉덕신시장상인회,한유수,010-2574-9613,888-66-93625,등록이 되어 있습니다.
61710100350,밀양깻잎,임우도,010-5339-7279,779-39-49091,등록이 되어 있지 않습니다. 
61412900002,형제농산,서하나,010-5969-4952,919-79-86518,등록이 되어 있습니다.
60210100001,충무동새벽시장,송서준,010-1578-5537,113-80-58389,등록이 되어 있습니다.
2091200057,하동식육점,김지지,010-5020-3203,215-08-29225,등록이 되어 있지 않습니다. 
13010500084,푸른야채,이시도,010-7054-7311,992-20-68509,등록이 되어 있습니다.
50210300616,부안닭집,송하민,010-7381-8840,369-99-12372,등록이 되어 있습니다.
40510300001,구월도매전통시장,권진준,010-3597-2903,040-50-47623,등록이 되어 있습니다.
22010500098,에꼴리에,이하하,010-9381-7686,556-54-75653,등록이 되어 있습니다.
14127200002,해남건어물,조희시,010-2981-4751,700-06-11079,등록이 되어 있지 않습니다. 
7005200001,영남상회,박라은,010-8856-7258,806-42-77629,등록이 되어 있습니다.
61710100343,우정상회,홍유현,010-2019-0301,540-90-46003,등록이 되어 있습니다.
60010200182,진영수산,서건민,010-1970-7145,023-59-93235,등록이 되어 있습니다.
70210700798,노점(야채),한예희,010-1153-6958,411-23-82144,등록이 되어 있습니다.
73011100063,고령상회,송나나,010-3607-0994,718-37-37797,등록이 되어 있지 않습니다. 
6014200002,주식회사 대한농산,윤하예,010-5096-0615,766-52-98502,등록이 되어 있습니다.
10010500001,평화시장상인연합회,최태윤,010-9735-6514,164-90-15900,등록이 되어 있지 않습니다. 
13310500500,주식회사백두한우,최예수,010-4212-5897,370-46-00553,등록이 되어 있습니다.
60012500033,삼한수산,서지태,010-4679-1867,247-17-99851,등록이 되어 있습니다.
50210500271,농업회사법인주식회사,권서민,010-6971-9789,143-68-99754,등록이 되어 있습니다.
64110700265,상남닭오리백화점,조은준,010-7871-2511,256-38-37739,등록이 되어 있지 않습니다. 
56010400001,전주중앙상가시장상인,윤진준,010-2318-2935,177-82-78579,등록이 되어 있습니다.
73011100063,고령상회,이예나,010-5197-1641,249-72-09390,등록이 되어 있습니다.
68910700796,마당발종합장식,조윤윤,010-0115-6415,682-33-94758,등록이 되어 있지 않습니다. 
16103200016,한농유통,권도민,010-3046-0407,397-34-87759,등록이 되어 있습니다.
40710111788,노점,홍진민,010-4362-8757,529-71-14181,등록이 되어 있습니다.
79110400544,해도상회,서도민,010-6759-9732,601-24-54953,등록이 되어 있습니다.
35610100136,샛별화장품,조윤시,010-6921-4701,687-66-89447,등록이 되어 있습니다.
40710111788,노점,정예우,010-3595-9579,359-97-51491,등록이 되어 있습니다.
13310500252,주식회사대성한우,정라은,010-5845-2346,705-57-38298,등록이 되어 있습니다.
14034200016,홍도어물,조윤예,010-6185-4800,071-56-34432,등록이 되어 있지 않습니다. 
14034200016,홍도어물,임현도,010-1062-7189,769-59-49081,등록이 되어 있습니다.
14032100001,목포자유시장상인회,한하진,010-4372-3373,766-09-63621,등록이 되어 있습니다.
61710200001,르네시떼,신서도,010-7477-4381,595-94-08264,등록이 되어 있습니다.
68111000001,울산학성새벽시장상인,최준나,010-3552-2455,635-07-52283,등록이 되어 있습니다.
66410100125,왔다상회,임시건,010-2050-9617,845-64-72990,등록이 되어 있습니다.
42010300154,세라젬 클럽밸런스5,윤은유,010-3565-4506,174-45-59106,등록이 되어 있습니다.
60211200038,영선상회,홍유은,010-6735-1718,078-77-21543,등록이 되어 있습니다.
15011800218,주식회사경천상회,김우건,010-3014-2798,503-06-14158,등록이 되어 있지 않습니다. 
70212400024,상우수산,권하태,010-1222-3784,951-69-47533,등록이 되어 있습니다.
79111300014,상옥상회,신태서,010-9635-3897,608-88-02834,등록이 되어 있습니다.
70510800006,봉덕신시장상인회,박태나,010-7973-9878,909-92-37181,등록이 되어 있습니다.
70510800006,봉덕신시장상인회,윤하건,010-0775-3865,493-03-55798,등록이 되어 있습니다.
58010400020,노송상회,최나희,010-6505-4128,234-62-28195,등록이 되어 있습니다.
40210511590,일성유통,박서시,010-1984-4202,660-79-84320,등록이 되어 있습니다.
2069200005,해조원,권시예,010-9963-0569,640-87-74507,등록이 되어 있습니다.
70110700002,두원즉석두부,신하우,010-2301-2089,626-46-96869,등록이 되어 있습니다.
75710100063,대성식품,조준유,010-4626-9788,165-57-50032,등록이 되어 있습니다.
2180200003,금사랑,김현하,010-6243-7119,519-88-15742,등록이 되어 있습니다.
69010700165,대원유통,김도준,010-0142-7778,306-99-53924,등록이 되어 있습니다.
68110200065,선우시장상인회,임시희,010-0659-2730,714-28-79335,등록이 되어 있습니다.
54010400258,유한회사순천수산,서도민,010-6166-0927,234-30-84452,등록이 되어 있지 않습니다. 
63110200677,대성활어,강민시,010-6700-7467,019-65-96785,등록이 되어 있습니다.
70610800002,한국유통,정라지,010-1562-4463,552-82-37854,등록이 되어 있습니다.
70610800002,한국유통,최수건,010-3988-1610,527-78-25313,등록이 되어 있습니다.
79110400573,대성고기마트,임하윤,010-7121-8146,256-49-76261,등록이 되어 있습니다.
50210300015,양동식육점,이진진,010-5585-2040,862-40-29194,등록이 되어 있습니다.
22011100129,녹십초알로에,송도하,010-4932-3186,080-64-29715,등록이 되어 있습니다.
13011700370,진흥상회,김우지,010-8338-4271,071-07-71946,등록이 되어 있습니다.
5040200003,진미민물,강준라,010-5609-6064,091-57-51260,등록이 되어 있습니다.
79110300077,참푸른닭오리,김은희,010-4924-7640,603-82-41452,등록이 되어 있습니다.
61710100109,대성마늘,신희도,010-1640-4165,444-29-43545,등록이 되어 있습니다.
32010200283,왕대수산,한진수,010-9266-5204,234-28-45519,등록이 되어 있습니다.
79110300077,참푸른닭오리,이수서,010-5145-4239,370-11-51616,등록이 되어 있지 않습니다. 
13012400001,청량리수산시장상인회,이수민,010-1781-0596,356-33-86429,등록이 되어 있습니다.
44210700001,영동시장(주),강지우,010-4827-4235,742-41-01389,등록이 되어 있습니다.
40310300012,우리유통,한준희,010-5071-2850,685-13-46406,등록이 되어 있습니다.
10010200282,첼루빠빠,송우윤,010-9804-4337,304-98-51477,등록이 되어 있습니다.
31210300133,금산수삼센타77호,이현민,010-7342-0422,593-53-95390,등록이 되어 있습니다.
70210100193,부국해물,홍민진,010-1278-3825,995-57-72729,등록이 되어 있습니다.
60110100001,(사)부산진시장번영,윤희시,010-8610-1806,867-69-77557,등록이 되어 있습니다.
61710200001,르네시떼,정희지,010-4021-5664,704-03-23932,등록이 되어 있습니다.
79110200473,세화상사(주),윤나건,010-1885-5625,202-89-93925,등록이 되어 있지 않습니다. 
30012600119,신진모자,홍희민,010-7770-4825,056-98-48565,등록이 되어 있습니다.
76010200240,태광상회,윤은유,010-1524-0817,429-23-21200,등록이 되어 있습니다.
56010200001,풍남문상점가상인회,한라우,010-0006-3313,215-31-86584,등록이 되어 있습니다.
66011700001,진주청과시장상인회,정라태,010-7186-3081,413-86-52347,등록이 되어 있습니다.
13510100219,㈜대농마트,홍수서,010-3507-8019,190-25-90988,등록이 되어 있습니다.
32510100001,서천특화시장상인회,윤건나,010-8839-9115,453-06-85607,등록이 되어 있습니다.
36710400147,주성마트,김유시,010-0941-7788,973-48-17886,등록이 되어 있습니다.
36110100038,강원청과,홍하하,010-9915-5365,704-36-71375,등록이 되어 있습니다.
68111000001,울산학성새벽시장상인,최민희,010-2641-8722,462-48-64044,등록이 되어 있습니다.
70210500203,유수식품,홍은준,010-8140-8166,021-11-88722,등록이 되어 있습니다.
35610100194,동양상회,임은서,010-3837-2882,570-71-30520,등록이 되어 있습니다.
70210600088,유근상회,조현현,010-4960-4185,882-60-80519,등록이 되어 있습니다.
11048200141,대전상회 마늘집(다,강서라,010-5231-9116,406-93-52809,등록이 되어 있습니다.
30610400184,열린유통,김건도,010-5432-2145,384-20-16565,등록이 되어 있습니다.
36010500696,궁중깐마늘,서진희,010-7030-0412,468-27-87578,등록이 되어 있습니다.
36010500642,육거리연금매장,권준민,010-2595-4434,271-64-43268,등록이 되어 있습니다.
36010500864,육거리총각네,정진예,010-8406-2661,845-64-89332,등록이 되어 있습니다.
36010500622,보성유통,정유하,010-5637-1098,551-62-05543,등록이 되어 있습니다.
66011700158,근아상회,권시시,010-1255-0298,311-10-47883,등록이 되어 있습니다.
70212400001,본시장,서진민,010-6508-2246,033-67-65752,등록이 되어 있습니다.
50211200001,양동경열로시장상인회,강나우,010-1608-7059,160-52-34664,등록이 되어 있습니다.
11048200099,육거리대농마트,박도서,010-9361-4214,822-22-54165,등록이 되어 있습니다.
36010500496,만석상회,조현현,010-4719-9903,911-14-13944,등록이 되어 있습니다.
11044200008,오광케어,임하나,010-3114-9832,814-24-41104,등록이 되어 있습니다.
40710210639,계양산전통시장상인회,한현진,010-6228-3312,635-51-32086,등록이 되어 있습니다.
36010600065,진천쌀백화점,최나진,010-9508-2595,642-84-76591,등록이 되어 있지 않습니다. 
6004200004,신성청과,이수수,010-5063-1804,093-20-32380,등록이 되어 있지 않습니다. 
36010500816,(주)대한국제식품,서라태,010-3231-5224,242-49-03143,등록이 되어 있지 않습니다. 
68111000001,울산학성새벽시장상인,한태민,010-0408-3861,043-44-61172,등록이 되어 있지 않습니다. 
